,ALPHANUMERIC_CODE,STATION_NAME_ENGLISH,STATION_NAME_CHINESE,LINE_ENGLISH,LINE_CHINESE,LINE_COLOR,OPENING_DATE,TRANSPORT_TYPE,SEARCHVAL,BLK_NO,ROAD_NAME,BUILDING,ADDRESS,POSTAL,X,Y,LATITUDE,LONGITUDE
0,NS1,Jurong East,裕廊东,North-South Line ,南北线,Red,1990-03-10,MRT,JURONG EAST MRT STATION (EW24 / NS1),10,JURONG EAST STREET 12,JURONG EAST MRT STATION (EW24 / NS1),10 JURONG EAST STREET 12 JURONG EAST MRT STATION (EW24 / NS1) SINGAPORE 609690,609690,17869.0570516568,35038.9688695427,1.33315281585758,103.742286332403
1,NS2,Bukit Batok,武吉巴督,North-South Line ,南北线,Red,1990-03-10,MRT,BUKIT BATOK MRT STATION (NS2),10,BUKIT BATOK CENTRAL,BUKIT BATOK MRT STATION (NS2),10 BUKIT BATOK CENTRAL BUKIT BATOK MRT STATION (NS2) SINGAPORE 659958,659958,18679.3223191258,36794.9260214306,1.34903331201636,103.749566478309
2,NS3,Bukit Gombak,武吉甘柏,North-South Line ,南北线,Red,1990-03-10,MRT,BUKIT GOMBAK MRT STATION (NS3),802,BUKIT BATOK WEST AVENUE 5,BUKIT GOMBAK MRT STATION (NS3),802 BUKIT BATOK WEST AVENUE 5 BUKIT GOMBAK MRT STATION (NS3) SINGAPORE 659083,659083,18926.9127006577,37854.0358848721,1.35861159094192,103.751790910733
3,NS4,Choa Chu Kang,蔡厝港,North-South Line ,南北线,Red,1990-03-10,MRT,CHOA CHU KANG MRT STATION (NS4),10,CHOA CHU KANG AVENUE 4,CHOA CHU KANG MRT STATION (NS4),10 CHOA CHU KANG AVENUE 4 CHOA CHU KANG MRT STATION (NS4) SINGAPORE 689810,689810,18101.2472041463,40812.1216052417,1.38536316540225,103.744370779756
4,NS5,Yew Tee,油池,North-South Line ,南北线,Red,1996-02-10,MRT,YEW TEE MRT STATION (NS5),61,CHOA CHU KANG DRIVE,YEW TEE MRT STATION (NS5),61 CHOA CHU KANG DRIVE YEW TEE MRT STATION (NS5) SINGAPORE 689715,689715,18438.9831173802,42158.0181021616,1.39753506936297,103.747405150236
5,NS7,Kranji,克兰芝,North-South Line ,南北线,Red,1996-02-10,MRT,KRANJI MRT STATION (NS7),960,WOODLANDS ROAD,KRANJI MRT STATION (NS7),960 WOODLANDS ROAD KRANJI MRT STATION (NS7) SINGAPORE 738702,738702,20078.5865077013,45204.5168451127,1.42508698073648,103.762137459497
6,NS8,Marsiling,马西岭,North-South Line ,南北线,Red,1996-02-10,MRT,MARSILING MRT STATION (NS8),71,WOODLANDS AVENUE 3,MARSILING MRT STATION (NS8),71 WOODLANDS AVENUE 3 MARSILING MRT STATION (NS8) SINGAPORE 739044,739044,21407.0413211482,46026.5125302058,1.43252114855026,103.774074641403
7,NS9,Woodlands,兀兰,North-South Line ,南北线,Red,1996-02-10,MRT,WOODLANDS MRT STATION (NS9),30,WOODLANDS AVENUE 2,WOODLANDS MRT STATION (NS9),30 WOODLANDS AVENUE 2 WOODLANDS MRT STATION (NS9) SINGAPORE 738343,738343,22741.5981903812,46501.7861009166,1.43681962961519,103.786066799253
8,NS10,Admiralty,海军部,North-South Line ,南北线,Red,1996-02-10,MRT,ADMIRALTY MRT STATION (NS10),70,WOODLANDS AVENUE 7,ADMIRALTY MRT STATION (NS10),70 WOODLANDS AVENUE 7 ADMIRALTY MRT STATION (NS10) SINGAPORE 738344,738344,24402.3866267931,46918.506801948,1.44058856161847,103.800990519771
9,NS11,Sembawang,三巴旺,North-South Line ,南北线,Red,1996-02-10,MRT,SEMBAWANG MRT STATION (NS11),11,CANBERRA ROAD,SEMBAWANG MRT STATION (NS11),11 CANBERRA ROAD SEMBAWANG MRT STATION (NS11) SINGAPORE 759775,759775,26522.9882623879,47854.1998395547,1.44905082158502,103.820046140211
10,NS12,Canberra,坎贝拉,North-South Line ,南北线,Red,2019-11-02,MRT,CANBERRA MRT STATION (NS12),11,CANBERRA LINK,CANBERRA MRT STATION (NS12),11 CANBERRA LINK CANBERRA MRT STATION (NS12) SINGAPORE 756972,756972,27597.5969376964,47193.6008830499,1.44307664075699,103.829702590959
11,NS13,Yishun,义顺,North-South Line ,南北线,Red,1988-12-20,MRT,YISHUN MRT STATION (NS13),301,YISHUN AVENUE 2,YISHUN MRT STATION (NS13),301 YISHUN AVENUE 2 YISHUN MRT STATION (NS13) SINGAPORE 769093,769093,28187.6788169928,45686.0705381557,1.42944308477331,103.835005047246
12,NS14,Khatib,卡迪,North-South Line ,南北线,Red,1988-12-20,MRT,KHATIB MRT STATION (NS14),201,YISHUN AVENUE 2,KHATIB MRT STATION (NS14),201 YISHUN AVENUE 2 KHATIB MRT STATION (NS14) SINGAPORE 769092,769092,27962.3108561579,44352.5679935999,1.41738337009565,103.832979908243
13,NS15,Yio Chu Kang,杨厝港,North-South Line ,南北线,Red,1987-11-07,MRT,YIO CHU KANG MRT STATION (NS15),3000,ANG MO KIO AVENUE 8,YIO CHU KANG MRT STATION (NS15),3000 ANG MO KIO AVENUE 8 YIO CHU KANG MRT STATION (NS15) SINGAPORE 569813,569813,29294.1262330338,40413.0626359228,1.38175587099132,103.84494727118
14,NS16,Ang Mo Kio,宏茂桥,North-South Line ,南北线,Red,1987-11-07,MRT,ANG MO KIO MRT STATION (NS16),2795,ANG MO KIO AVENUE 8,ANG MO KIO MRT STATION (NS16),2795 ANG MO KIO AVENUE 8 ANG MO KIO MRT STATION (NS16) SINGAPORE 569812,569812,29807.2611468043,39105.7359950263,1.36993284962262,103.84955809232
15,NS17,Bishan,碧山,North-South Line ,南北线,Red,1987-11-07,MRT,BISHAN MRT STATION (NS17),200,BISHAN ROAD,BISHAN MRT STATION (NS17),200 BISHAN ROAD BISHAN MRT STATION (NS17) SINGAPORE 579827,579827,29649.8988074977,36994.4330169763,1.35083898784737,103.848143964542
16,NS18,Braddell,布莱德,North-South Line ,南北线,Red,1987-11-07,MRT,BRADDELL MRT STATION (NS18),377,LORONG 1 TOA PAYOH,BRADDELL MRT STATION (NS18),377 LORONG 1 TOA PAYOH BRADDELL MRT STATION (NS18) SINGAPORE 319756,319756,29500.2349482412,35847.7719815206,1.3404690010277,103.846799083148
17,NS19,Toa Payoh,大巴窑,North-South Line ,南北线,Red,1987-11-07,MRT,TOA PAYOH MRT STATION (NS19),510,LORONG 6 TOA PAYOH,TOA PAYOH MRT STATION (NS19),510 LORONG 6 TOA PAYOH TOA PAYOH MRT STATION (NS19) SINGAPORE 319398,319398,29578.4890669128,34980.8962922301,1.33262928096888,103.847502198048
18,NS20,Novena,诺维娜,North-South Line ,南北线,Red,1987-12-12,MRT,NOVENA MRT STATION (NS20),250,THOMSON ROAD,NOVENA MRT STATION (NS20),250 THOMSON ROAD NOVENA MRT STATION (NS20) SINGAPORE 307642,307642,29169.3297925005,33633.1535391063,1.32044079120154,103.843825618748
19,NS21,Newton,纽顿,North-South Line ,南北线,Red,1987-12-12,MRT,NEWTON MRT STATION (NS21),49,SCOTTS ROAD,NEWTON MRT STATION (NS21),49 SCOTTS ROAD NEWTON MRT STATION (NS21) SINGAPORE 228234,228234,28519.2830723543,32735.0770371091,1.3123189224097,103.837984594021
20,NS22,Orchard,乌节,North-South Line ,南北线,Red,1987-12-12,MRT,ORCHARD MRT STATION (NS22),437,ORCHARD ROAD,ORCHARD MRT STATION (NS22),437 ORCHARD ROAD ORCHARD MRT STATION (NS22) SINGAPORE 238878,238878,27880.5476490632,31813.0165782962,1.30398013681715,103.832245244375
21,NS23,Somerset,索美塞,North-South Line ,南北线,Red,1987-12-12,MRT,SOMERSET MRT STATION (NS23),1,SOMERSET ROAD,SOMERSET MRT STATION (NS23),1 SOMERSET ROAD SOMERSET MRT STATION (NS23) SINGAPORE 238162,238162,28641.8346576076,31402.1245223526,1.30026416739006,103.839085753124
22,NS24,Dhoby Ghaut,多美歌,North-South Line ,南北线,Red,1987-12-12,MRT,DHOBY GHAUT MRT STATION (NS24),11,ORCHARD ROAD,DHOBY GHAUT MRT STATION (NS24),11 ORCHARD ROAD DHOBY GHAUT MRT STATION (NS24) SINGAPORE 238826,238826,29423.9804536467,31229.3163704202,1.29870132536119,103.846113677951
23,NS25,City Hall,政府大厦,North-South Line ,南北线,Red,1987-12-12,MRT,CITY HALL MRT STATION (EW13 / NS25),150,NORTH BRIDGE ROAD,CITY HALL MRT STATION (EW13 / NS25),150 NORTH BRIDGE ROAD CITY HALL MRT STATION (EW13 / NS25) SINGAPORE 179100,179100,30144.2503791479,30591.9008128252,1.29293672227779,103.852585580366
24,NS26,Raffles Place,莱佛士坊,North-South Line ,南北线,Red,1987-12-12,MRT,RAFFLES PLACE MRT STATION (EW14 / NS26),5,RAFFLES PLACE,RAFFLES PLACE MRT STATION (EW14 / NS26),5 RAFFLES PLACE RAFFLES PLACE MRT STATION (EW14 / NS26) SINGAPORE 048618,048618,30019.180527918,29617.6125848945,1.28412561043658,103.851461712342
25,NS27,Marina Bay,滨海湾,North-South Line ,南北线,Red,1989-11-04,MRT,MARINA BAY MRT STATION (NS27),21,PARK STREET,MARINA BAY MRT STATION (NS27),21 PARK STREET MARINA BAY MRT STATION (NS27) SINGAPORE 018925,018925,30367.9547207942,28764.4959340338,1.276410298755,103.854595522263
26,NS28,Marina South Pier,滨海南码头,North-South Line ,南北线,Red,2014-11-23,MRT,MARINA SOUTH PIER MRT STATION (NS28),33,MARINA COASTAL DRIVE,MARINA SOUTH PIER MRT STATION (NS28),33 MARINA COASTAL DRIVE MARINA SOUTH PIER MRT STATION (NS28) SINGAPORE 018948,018948,31241.8260070179,28169.2510934137,1.27102703612006,103.862447515736
27,EW1,Pasir Ris,巴西立,East-West Line,东西线,Green,1989-12-16,MRT,PASIR RIS MRT STATION (EW1),10,PASIR RIS CENTRAL,PASIR RIS MRT STATION (EW1),10 PASIR RIS CENTRAL PASIR RIS MRT STATION (EW1) SINGAPORE 519634,519634,40905.597462655,39449.9823396821,1.37304331635804,103.949284527763
28,EW2,Tampines,淡滨尼,East-West Line,东西线,Green,1989-12-16,MRT,TAMPINES MRT STATION (EW2),20,TAMPINES CENTRAL 1,TAMPINES MRT STATION (EW2),20 TAMPINES CENTRAL 1 TAMPINES MRT STATION (EW2) SINGAPORE 529538,529538,40444.9732025806,37267.0262664594,1.35330167637376,103.945144586749
29,EW3,Simei,四美,East-West Line,东西线,Green,1989-12-16,MRT,SIMEI MRT STATION (EW3),30,SIMEI STREET 3,SIMEI MRT STATION (EW3),30 SIMEI STREET 3 SIMEI MRT STATION (EW3) SINGAPORE 529888,529888,41361.2281713123,36149.7527796105,1.34319707851829,103.953377214378
30,EW4,Tanah Merah,丹那美拉,East-West Line,东西线,Green,1989-11-04,MRT,TANAH MERAH MRT STATION (EW4),920,NEW UPPER CHANGI ROAD,TANAH MERAH MRT STATION (EW4),920 NEW UPPER CHANGI ROAD TANAH MERAH MRT STATION (EW4) SINGAPORE 467356,467356,40579.0997793637,34379.4316836372,1.32718729074675,103.946348600798
31,EW5,Bedok,勿洛,East-West Line,东西线,Green,1989-11-04,MRT,BEDOK MRT STATION (EW5),315,NEW UPPER CHANGI ROAD,BEDOK MRT STATION (EW5),315 NEW UPPER CHANGI ROAD BEDOK MRT STATION (EW5) SINGAPORE 467347,467347,38757.952049505,34024.7047772072,1.32397996868158,103.929984495066
32,EW6,Kembangan,景万岸,East-West Line,东西线,Green,1989-11-04,MRT,KEMBANGAN MRT STATION (EW6),55,SIMS AVENUE EAST,KEMBANGAN MRT STATION (EW6),55 SIMS AVENUE EAST KEMBANGAN MRT STATION (EW6) SINGAPORE 416551,416551,36861.9614935443,33699.3440501876,1.3210381335934,103.912947930851
33,EW7,Eunos,友诺士,East-West Line,东西线,Green,1989-11-04,MRT,EUNOS MRT STATION (EW7),30,EUNOS CRESCENT,EUNOS MRT STATION (EW7),30 EUNOS CRESCENT EUNOS MRT STATION (EW7) SINGAPORE 409423,409423,35779.9883453855,33560.5858968049,1.31978354916088,103.903225807255
34,EW8,Paya Lebar,巴耶利峇,East-West Line,东西线,Green,1989-11-04,MRT,PAYA LEBAR MRT STATION (EW8),30,PAYA LEBAR ROAD,PAYA LEBAR MRT STATION (EW8),30 PAYA LEBAR ROAD PAYA LEBAR MRT STATION (EW8) SINGAPORE 409006,409006,34648.7236344032,33375.6688563768,1.31811149224527,103.893060771576
35,EW9,Aljunied,阿裕尼,East-West Line,东西线,Green,1989-11-04,MRT,ALJUNIED MRT STATION (EW9),81,LORONG 25 GEYLANG,ALJUNIED MRT STATION (EW9),81 LORONG 25 GEYLANG ALJUNIED MRT STATION (EW9) SINGAPORE 388310,388310,33518.6048692847,33190.002017457,1.3164326118157,103.882906044385
36,EW10,Kallang,加冷,East-West Line,东西线,Green,1989-11-04,MRT,KALLANG MRT STATION (EW10),5,SIMS AVENUE,KALLANG MRT STATION (EW10),5 SIMS AVENUE KALLANG MRT STATION (EW10) SINGAPORE 387405,387405,32236.6038438473,32643.3302382641,1.31148890998818,103.871386541754
37,EW11,Lavender,劳明达,East-West Line,东西线,Green,1989-11-04,MRT,LAVENDER MRT STATION (EW11),50,KALLANG ROAD,LAVENDER MRT STATION (EW11),50 KALLANG ROAD LAVENDER MRT STATION (EW11) SINGAPORE 208699,208699,31277.4062337531,32188.7337866109,1.30737781747063,103.862767633888
38,EW12,Bugis,武吉士,East-West Line,东西线,Green,1989-11-04,MRT,BUGIS MRT STATION (EW12),220,VICTORIA STREET,BUGIS MRT STATION (EW12),220 VICTORIA STREET BUGIS MRT STATION (EW12) SINGAPORE 188022,188022,30491.6000699066,31424.3512713723,1.30046508509717,103.855706730933
39,EW13,City Hall,政府大厦,East-West Line,东西线,Green,1987-12-12,MRT,CITY HALL MRT STATION (EW13 / NS25),150,NORTH BRIDGE ROAD,CITY HALL MRT STATION (EW13 / NS25),150 NORTH BRIDGE ROAD CITY HALL MRT STATION (EW13 / NS25) SINGAPORE 179100,179100,30144.2503791479,30591.9008128252,1.29293672227779,103.852585580366
40,EW14,Raffles Place,莱佛士坊,East-West Line,东西线,Green,1987-12-12,MRT,RAFFLES PLACE MRT STATION (EW14 / NS26),5,RAFFLES PLACE,RAFFLES PLACE MRT STATION (EW14 / NS26),5 RAFFLES PLACE RAFFLES PLACE MRT STATION (EW14 / NS26) SINGAPORE 048618,048618,30019.180527918,29617.6125848945,1.28412561043658,103.851461712342
41,EW15,Tanjong Pagar,丹戎巴葛,East-West Line,东西线,Green,1987-12-12,MRT,TANJONG PAGAR MRT STATION (EW15),120,MAXWELL ROAD,TANJONG PAGAR MRT STATION (EW15),120 MAXWELL ROAD TANJONG PAGAR MRT STATION (EW15) SINGAPORE 069119,069119,29380.7567437869,28781.1883335691,1.27656131737246,103.845725186759
42,EW16,Outram Park,欧南园,East-West Line,东西线,Green,1987-12-12,MRT,OUTRAM PARK MRT STATION (EW16),10,OUTRAM ROAD,OUTRAM PARK MRT STATION (EW16),10 OUTRAM ROAD OUTRAM PARK MRT STATION (EW16) SINGAPORE 169037,169037,28646.8726726929,29316.780396251,1.28140504772213,103.839130979249
43,EW17,Tiong Bahru,中峇鲁,East-West Line,东西线,Green,1988-03-12,MRT,TIONG BAHRU MRT STATION (EW17),300,TIONG BAHRU ROAD,TIONG BAHRU MRT STATION (EW17),300 TIONG BAHRU ROAD TIONG BAHRU MRT STATION (EW17) SINGAPORE 168731,168731,27346.3322650846,29836.2044219468,1.28610253615775,103.827445112419
44,EW18,Redhill,红山,East-West Line,东西线,Green,1988-03-12,MRT,REDHILL MRT STATION (EW18),920,TIONG BAHRU ROAD,REDHILL MRT STATION (EW18),920 TIONG BAHRU ROAD REDHILL MRT STATION (EW18) SINGAPORE 158792,158792,26155.053497511,30226.759782847,1.28963453412887,103.81674097205
45,EW19,Queenstown,女皇镇,East-West Line,东西线,Green,1988-03-12,MRT,QUEENSTOWN MRT STATION (EW19),301,COMMONWEALTH AVENUE,QUEENSTOWN MRT STATION (EW19),301 COMMONWEALTH AVENUE QUEENSTOWN MRT STATION (EW19) SINGAPORE 149729,149729,24968.2673462247,30770.3911128063,1.29455085184931,103.806077155982
46,EW20,Commonwealth,联邦,East-West Line,东西线,Green,1988-03-12,MRT,COMMONWEALTH MRT STATION (EW20),375,COMMONWEALTH AVENUE,COMMONWEALTH MRT STATION (EW20),375 COMMONWEALTH AVENUE COMMONWEALTH MRT STATION (EW20) SINGAPORE 149735,149735,24094.7951433668,31649.5989169721,1.30250199924325,103.798228523336
47,EW21,Buona Vista,波那维斯达,East-West Line,东西线,Green,1988-03-12,MRT,BUONA VISTA MRT STATION (EW21),100,NORTH BUONA VISTA ROAD,BUONA VISTA MRT STATION (EW21),100 NORTH BUONA VISTA ROAD BUONA VISTA MRT STATION (EW21) SINGAPORE 139345,139345,23207.2578019593,32171.7150982097,1.3072237082044,103.790253514502
48,EW22,Dover,杜弗,East-West Line,东西线,Green,2001-10-18,MRT,DOVER MRT STATION (EW22),200,COMMONWEALTH AVENUE WEST,DOVER MRT STATION (EW22),200 COMMONWEALTH AVENUE WEST DOVER MRT STATION (EW22) SINGAPORE 138677,138677,21914.5509301452,32634.1186314393,1.31140529320963,103.778637841909
49,EW23,Clementi,金文泰,East-West Line,东西线,Green,1988-03-12,MRT,CLEMENTI MRT STATION (EW23),3150,COMMONWEALTH AVENUE WEST,CLEMENTI MRT STATION (EW23),3150 COMMONWEALTH AVENUE WEST CLEMENTI MRT STATION (EW23) SINGAPORE 129580,129580,20418.1055078562,33044.4944669213,1.31511625277378,103.765191452888
50,EW24,Jurong East,裕廊东,East-West Line,东西线,Green,1988-11-05,MRT,JURONG EAST MRT STATION (EW24 / NS1),10,JURONG EAST STREET 12,JURONG EAST MRT STATION (EW24 / NS1),10 JURONG EAST STREET 12 JURONG EAST MRT STATION (EW24 / NS1) SINGAPORE 609690,609690,17869.0570516568,35038.9688695427,1.33315281585758,103.742286332403
51,EW25,Chinese Garden,裕华园,East-West Line,东西线,Green,1988-11-05,MRT,CHINESE GARDEN MRT STATION (EW25),151,BOON LAY WAY,CHINESE GARDEN MRT STATION (EW25),151 BOON LAY WAY CHINESE GARDEN MRT STATION (EW25) SINGAPORE 609959,609959,16790.7466322081,36056.3018932827,1.34235282081401,103.732596738363
52,EW26,Lakeside,湖畔,East-West Line,东西线,Green,1988-11-05,MRT,LAKESIDE MRT STATION (EW26),201,BOON LAY WAY,LAKESIDE MRT STATION (EW26),201 BOON LAY WAY LAKESIDE MRT STATION (EW26) SINGAPORE 649845,649845,15494.4969534362,36267.1470333859,1.34425911493819,103.720949087456
53,EW27,Boon Lay,文礼,East-West Line,东西线,Green,1990-07-06,MRT,BOON LAY MRT STATION (EW27),301,BOON LAY WAY,BOON LAY MRT STATION (EW27),301 BOON LAY WAY BOON LAY MRT STATION (EW27) SINGAPORE 649846,649846,13837.9827195406,35641.9191215802,1.33860405469845,103.706064622772
54,EW28,Pioneer,先驱,East-West Line,东西线,Green,2009-02-28,MRT,PIONEER MRT STATION (EW28),31,JURONG WEST STREET 63,PIONEER MRT STATION (EW28),31 JURONG WEST STREET 63 PIONEER MRT STATION (EW28) SINGAPORE 648310,648310,12864.9698331021,35529.5115483906,1.33758701106708,103.697321608474
55,EW29,Joo Koon,裕群,East-West Line,东西线,Green,2009-02-28,MRT,JOO KOON MRT STATION (EW29),91,JOO KOON CIRCLE,JOO KOON MRT STATION (EW29),91 JOO KOON CIRCLE JOO KOON MRT STATION (EW29) SINGAPORE 629116,629116,10756.3379743481,34438.2617777772,1.3277170408447,103.678374996165
56,EW30,Gul Circle,卡尔圈,East-West Line,东西线,Green,2017-06-18,MRT,GUL CIRCLE MRT STATION (EW30),7A,TUAS ROAD,GUL CIRCLE MRT STATION (EW30),7A TUAS ROAD GUL CIRCLE MRT STATION (EW30) SINGAPORE 637288,637288,8770.35150132887,33526.5733700171,1.31947090075208,103.660530461345
57,EW31,Tuas Crescent,大士弯,East-West Line,东西线,Green,2017-06-18,MRT,TUAS CRESCENT MRT STATION (EW31),90,PIONEER ROAD,TUAS CRESCENT MRT STATION (EW31),90 PIONEER ROAD TUAS CRESCENT MRT STATION (EW31) SINGAPORE 639608,639608,7495.83786702435,33698.7263109088,1.32102695598684,103.649078235627
58,EW32,Tuas West Road,大士西路,East-West Line,东西线,Green,2017-06-18,MRT,TUAS WEST ROAD MRT STATION (EW32),131,PIONEER ROAD,TUAS WEST ROAD MRT STATION (EW32),131 PIONEER ROAD TUAS WEST ROAD MRT STATION (EW32) SINGAPORE 639609,639609,6442.92861192208,34689.3517738562,1.32998504653102,103.639616648771
59,EW33,Tuas Link,大士连路,East-West Line,东西线,Green,2017-06-18,MRT,TUAS LINK MRT STATION (EW33),20,TUAS WEST DRIVE,TUAS LINK MRT STATION (EW33),20 TUAS WEST DRIVE TUAS LINK MRT STATION (EW33) SINGAPORE 638418,638418,6150.86278806347,35894.3582222275,1.34088242451105,103.636991425128
60,CG1,Expo,博览,Changi Airport Branch Line,樟宜机场支线,Green,2001-01-10,MRT,EXPO MRT STATION (CG1),21,CHANGI SOUTH AVENUE 1,EXPO MRT STATION (CG1),21 CHANGI SOUTH AVENUE 1 EXPO MRT STATION (CG1) SINGAPORE 486065,486065,42270.6232344816,35193.6223453786,1.33454977824817,103.961548211018
61,CG2,Changi Airport,樟宜机场,Changi Airport Branch Line,樟宜机场支线,Green,2002-02-08,MRT,CHANGI AIRPORT MRT STATION (CG2),70,AIRPORT BOULEVARD,CHANGI AIRPORT MRT STATION (CG2),70 AIRPORT BOULEVARD CHANGI AIRPORT MRT STATION (CG2) SINGAPORE 819661,819661,45201.320394692,37729.1933764666,1.35747897447692,103.98788356959
62,NE1,HarbourFront,港湾,North East Line,东北线,Purple,2003-06-20,MRT,HARBOURFRONT MRT STATION (NE1 / CC29),81,TELOK BLANGAH ROAD,HARBOURFRONT MRT STATION (NE1 / CC29),81 TELOK BLANGAH ROAD HARBOURFRONT MRT STATION (NE1 / CC29) SINGAPORE 098867,098867,26688.0367021402,27545.8534260485,1.26538938374901,103.821530157095
63,NE3,Outram Park,欧南园,North East Line,东北线,Purple,2003-06-20,MRT,OUTRAM PARK MRT STATION (NE3),300,EU TONG SEN STREET,OUTRAM PARK MRT STATION (NE3),300 EU TONG SEN STREET OUTRAM PARK MRT STATION (NE3) SINGAPORE 059816,059816,28681.2492930563,29130.5222722683,1.27972059383553,103.839439862425
64,NE4,Chinatown,牛车水,North East Line,东北线,Purple,2003-06-20,MRT,CHINATOWN MRT STATION (NE4),151,NEW BRIDGE ROAD,CHINATOWN MRT STATION (NE4),151 NEW BRIDGE ROAD CHINATOWN MRT STATION (NE4) SINGAPORE 059443,059443,29124.9480295833,29643.4802091382,1.28435959278583,103.843426681863
65,NE5,Clarke Quay,克拉码头,North East Line,东北线,Purple,2003-06-20,MRT,CLARKE QUAY MRT STATION (NE5),10,EU TONG SEN STREET,CLARKE QUAY MRT STATION (NE5),10 EU TONG SEN STREET CLARKE QUAY MRT STATION (NE5) SINGAPORE 059815,059815,29473.1249443376,30088.7037861496,1.28838602407588,103.846555209694
66,NE6,Dhoby Ghaut,多美歌,North East Line,东北线,Purple,2003-06-20,MRT,DHOBY GHAUT MRT STATION (NE6),60,ORCHARD ROAD,DHOBY GHAUT MRT STATION (NE6),60 ORCHARD ROAD DHOBY GHAUT MRT STATION (NE6) SINGAPORE 238889,238889,29354.4079191377,31340.2508916464,1.29970458121203,103.845488542541
67,NE7,Little India,小印度,North East Line,东北线,Purple,2003-06-20,MRT,LITTLE INDIA MRT STATION (NE7),60,BUKIT TIMAH ROAD,LITTLE INDIA MRT STATION (NE7),60 BUKIT TIMAH ROAD LITTLE INDIA MRT STATION (NE7) SINGAPORE 229900,229900,29817.2085683132,32124.850180177,1.30680019696174,103.849647059738
68,NE8,Farrer Park,花拉公园,North East Line,东北线,Purple,2003-06-20,MRT,FARRER PARK MRT STATION (NE8),250,RACE COURSE ROAD,FARRER PARK MRT STATION (NE8),250 RACE COURSE ROAD FARRER PARK MRT STATION (NE8) SINGAPORE 218703,218703,30243.5206485614,32689.3795552086,1.31190557325774,103.853477716509
69,NE9,Boon Keng,文庆,North East Line,东北线,Purple,2003-06-20,MRT,BOON KENG MRT STATION (NE9),900,SERANGOON ROAD,BOON KENG MRT STATION (NE9),900 SERANGOON ROAD BOON KENG MRT STATION (NE9) SINGAPORE 328260,328260,31144.045013207,33510.9746132698,1.31933570922514,103.861569454156
70,NE10,Potong Pasir,波东巴西,North East Line,东北线,Purple,2003-06-20,MRT,POTONG PASIR MRT STATION (NE10),55,UPPER SERANGOON ROAD,POTONG PASIR MRT STATION (NE10),55 UPPER SERANGOON ROAD POTONG PASIR MRT STATION (NE10) SINGAPORE 347694,347694,31977.1667550961,34842.7250955887,1.33137949021368,103.869055656782
71,NE11,Woodleigh,兀里,North East Line,东北线,Purple,2011-06-20,MRT,WOODLEIGH MRT STATION (NE11),400,UPPER SERANGOON ROAD,WOODLEIGH MRT STATION (NE11),400 UPPER SERANGOON ROAD WOODLEIGH MRT STATION (NE11) SINGAPORE 347695,347695,32173.3185749156,35706.3793633711,1.33919004519388,103.87081830915
72,NE12,Serangoon,实龙岗,North East Line,东北线,Purple,2003-06-20,MRT,SERANGOON MRT STATION (NE12),600,UPPER SERANGOON ROAD,SERANGOON MRT STATION (NE12),600 UPPER SERANGOON ROAD SERANGOON MRT STATION (NE12) SINGAPORE 534801,534801,32480.0729367165,36869.3930099793,1.34970788089564,103.873574849884
73,NE13,Kovan,高文,North East Line,东北线,Purple,2003-06-20,MRT,KOVAN MRT STATION (NE13),900,UPPER SERANGOON ROAD,KOVAN MRT STATION (NE13),900 UPPER SERANGOON ROAD KOVAN MRT STATION (NE13) SINGAPORE 534799,534799,33758.7578018578,38027.2794417515,1.36017917065237,103.885064856353
74,NE14,Hougang,后港,North East Line,东北线,Purple,2003-06-20,MRT,HOUGANG MRT STATION (NE14),80,HOUGANG CENTRAL,HOUGANG MRT STATION (NE14),80 HOUGANG CENTRAL HOUGANG MRT STATION (NE14) SINGAPORE 538758,538758,34572.8752453458,39256.1282835789,1.37129226620797,103.892380513029
75,NE15,Buangkok,万国,North East Line,东北线,Purple,2006-01-15,MRT,BUANGKOK MRT STATION (NE15),10,SENGKANG CENTRAL,BUANGKOK MRT STATION (NE15),10 SENGKANG CENTRAL BUANGKOK MRT STATION (NE15) SINGAPORE 545061,545061,34655.4250568021,40536.3401684985,1.38287001971672,103.893122569706
76,NE16,Sengkang,盛港,North East Line,东北线,Purple,2003-06-20,MRT,SENGKANG MRT STATION (NE16),5,SENGKANG SQUARE,SENGKANG MRT STATION (NE16),5 SENGKANG SQUARE SENGKANG MRT STATION (NE16) SINGAPORE 545062,545062,34918.2740132138,41512.1276907362,1.39169462601522,103.895484694279
77,NE17,Punggol,榜鹅,North East Line,东北线,Purple,2003-06-20,MRT,PUNGGOL MRT STATION (NE17),70,PUNGGOL CENTRAL,PUNGGOL MRT STATION (NE17),70 PUNGGOL CENTRAL PUNGGOL MRT STATION (NE17) SINGAPORE 828868,828868,35651.382800173,42933.2482692804,1.40454653668991,103.902072622229
78,CC1,Dhoby Ghaut,多美歌,Circle Line,环线,Orange,2010-04-17,MRT,DHOBY GHAUT MRT STATION (CC1),13,ORCHARD ROAD,DHOBY GHAUT MRT STATION (CC1),13 ORCHARD ROAD DHOBY GHAUT MRT STATION (CC1) SINGAPORE 238893,238893,29443.8824096406,31252.5723822247,1.29891164362677,103.84629250696
79,CC2,Bras Basah,百胜,Circle Line,环线,Orange,2010-04-17,MRT,BRAS BASAH MRT STATION (CC2),65,BRAS BASAH ROAD,BRAS BASAH MRT STATION (CC2),65 BRAS BASAH ROAD BRAS BASAH MRT STATION (CC2) SINGAPORE 189561,189561,29930.7673842637,31025.9015965667,1.29686168649656,103.850667371637
80,CC3,Esplanade,滨海中心,Circle Line,环线,Orange,2010-04-17,MRT,ESPLANADE MRT STATION (CC3),90,BRAS BASAH ROAD,ESPLANADE MRT STATION (CC3),90 BRAS BASAH ROAD ESPLANADE MRT STATION (CC3) SINGAPORE 189562,189562,30421.9934839159,30671.6277715843,1.2936577245386,103.855081226245
81,CC4,Promenade,宝门廊,Circle Line,环线,Orange,2010-04-17,MRT,PROMENADE MRT STATION (CC4),2,TEMASEK AVENUE,PROMENADE MRT STATION (CC4),2 TEMASEK AVENUE PROMENADE MRT STATION (CC4) SINGAPORE 039193,039193,31008.3618750935,30709.2578067128,1.29399798636232,103.860350000188
82,CC5,Nicoll Highway,尼诰大道,Circle Line,环线,Orange,2010-04-17,MRT,NICOLL HIGHWAY MRT STATION (CC5),20,REPUBLIC AVENUE,NICOLL HIGHWAY MRT STATION (CC5),20 REPUBLIC AVENUE NICOLL HIGHWAY MRT STATION (CC5) SINGAPORE 038970,038970,31374.1649264134,31347.1528697051,1.29976684675139,103.86363696572
83,CC6,Stadium,体育场,Circle Line,环线,Orange,2010-04-17,MRT,STADIUM MRT STATION (CC6),3,STADIUM WALK,STADIUM MRT STATION (CC6),3 STADIUM WALK STADIUM MRT STATION (CC6) SINGAPORE 397692,397692,32676.3477050858,31683.9407594204,1.3028124684707,103.875337711089
84,CC7,Mountbatten,蒙巴登,Circle Line,环线,Orange,2010-04-17,MRT,MOUNTBATTEN MRT STATION (CC7),301,MOUNTBATTEN ROAD,MOUNTBATTEN MRT STATION (CC7),301 MOUNTBATTEN ROAD MOUNTBATTEN MRT STATION (CC7) SINGAPORE 398006,398006,33476.563426869,32058.7418466732,1.30620190525331,103.882528081052
85,CC8,Dakota,达科达,Circle Line,环线,Orange,2010-04-17,MRT,DAKOTA MRT STATION (CC8),201,OLD AIRPORT ROAD,DAKOTA MRT STATION (CC8),201 OLD AIRPORT ROAD DAKOTA MRT STATION (CC8) SINGAPORE 397973,397973,34204.0252977135,32318.1744557619,1.30854798388121,103.889064718377
86,CC9,Paya Lebar,巴耶利峇,Circle Line,环线,Orange,2010-04-17,MRT,PAYA LEBAR MRT STATION (CC9),15,PAYA LEBAR ROAD,PAYA LEBAR MRT STATION (CC9),15 PAYA LEBAR ROAD PAYA LEBAR MRT STATION (CC9) SINGAPORE 409049,409049,34559.6916920897,33280.1181892157,1.3172473854035,103.892260753884
87,CC10,MacPherson,麦波申,Circle Line,环线,Orange,2010-04-17,MRT,MACPHERSON MRT STATION (CC10),171,PAYA LEBAR ROAD,MACPHERSON MRT STATION (CC10),171 PAYA LEBAR ROAD MACPHERSON MRT STATION (CC10) SINGAPORE 409048,409048,34351.6177675035,34256.5138255134,1.32607760171665,103.890391305725
88,CC11,Tai Seng,大成,Circle Line,环线,Orange,2010-04-17,MRT,TAI SENG MRT STATION (CC11),33,UPPER PAYA LEBAR ROAD,TAI SENG MRT STATION (CC11),33 UPPER PAYA LEBAR ROAD TAI SENG MRT STATION (CC11) SINGAPORE 534803,534803,34128.792347569,35258.74881576,1.33514150139202,103.888389300191
89,CC12,Bartley,巴特礼,Circle Line,环线,Orange,2009-05-28,MRT,BARTLEY MRT STATION (CC12),90,BARTLEY ROAD,BARTLEY MRT STATION (CC12),90 BARTLEY ROAD BARTLEY MRT STATION (CC12) SINGAPORE 539788,539788,33214.9339675205,36072.5255325548,1.34250117805245,103.880177899184
90,CC13,Serangoon,实龙岗,Circle Line,环线,Orange,2009-05-28,MRT,SERANGOON MRT STATION (CC13),21,SERANGOON CENTRAL,SERANGOON MRT STATION (CC13),21 SERANGOON CENTRAL SERANGOON MRT STATION (CC13) SINGAPORE 556082,556082,32390.6852547908,36971.7545485683,1.35063361526525,103.872771660431
91,CC14,Lorong Chuan,罗弄泉,Circle Line,环线,Orange,2009-05-28,MRT,LORONG CHUAN MRT STATION (CC14),150,SERANGOON AVENUE 3,LORONG CHUAN MRT STATION (CC14),150 SERANGOON AVENUE 3 LORONG CHUAN MRT STATION (CC14) SINGAPORE 554533,554533,31431.4054671209,37079.9443690311,1.35161217074555,103.864151938651
92,CC15,Bishan,碧山,Circle Line,环线,Orange,2009-05-28,MRT,BISHAN MRT STATION (CC15),17,BISHAN PLACE,BISHAN MRT STATION (CC15),17 BISHAN PLACE BISHAN MRT STATION (CC15) SINGAPORE 579842,579842,29760.7755471431,37047.1573323701,1.35131580146658,103.84914026532
93,CC16,Marymount,玛丽蒙,Circle Line,环线,Orange,2009-05-28,MRT,MARYMOUNT MRT STATION (CC16),60,MARYMOUNT ROAD,MARYMOUNT MRT STATION (CC16),60 MARYMOUNT ROAD MARYMOUNT MRT STATION (CC16) SINGAPORE 573993,573993,28679.3687734958,36758.7136478554,1.348707263451,103.839423132332
94,CC17,Caldecott,加利谷,Circle Line,环线,Orange,2011-10-08,MRT,CALDECOTT MRT STATION (CC17),38,TOA PAYOH RISE,CALDECOTT MRT STATION (CC17),38 TOA PAYOH RISE CALDECOTT MRT STATION (CC17) SINGAPORE 298113,298113,28691.2450525351,35538.7680123672,1.33767450815619,103.839529820338
95,CC19,Botanic Gardens,植物园,Circle Line,环线,Orange,2011-10-08,MRT,BOTANIC GARDENS MRT STATION (CC19),100,CLUNY PARK ROAD,BOTANIC GARDENS MRT STATION (CC19),100 CLUNY PARK ROAD BOTANIC GARDENS MRT STATION (CC19) SINGAPORE 257494,257494,25959.6005048994,33818.1442215387,1.32211373558877,103.814984510627
96,CC20,Farrer Road,花拉路,Circle Line,环线,Orange,2011-10-08,MRT,FARRER ROAD MRT STATION (CC20),71,FARRER ROAD,FARRER ROAD MRT STATION (CC20),71 FARRER ROAD FARRER ROAD MRT STATION (CC20) SINGAPORE 268857,268857,25113.2011973979,33301.2602245007,1.31743915158967,103.807379214161
97,CC21,Holland Village,荷兰村,Circle Line,环线,Orange,2011-10-08,MRT,HOLLAND VILLAGE MRT STATION (CC21),200,HOLLAND AVENUE,HOLLAND VILLAGE MRT STATION (CC21),200 HOLLAND AVENUE HOLLAND VILLAGE MRT STATION (CC21) SINGAPORE 278995,278995,23891.2152273953,32726.4128267691,1.31224029631595,103.796399122407
98,CC22,Buona Vista,波那维斯达,Circle Line,环线,Orange,2011-10-08,MRT,BUONA VISTA MRT STATION (CC22),150,NORTH BUONA VISTA ROAD,BUONA VISTA MRT STATION (CC22),150 NORTH BUONA VISTA ROAD BUONA VISTA MRT STATION (CC22) SINGAPORE 139350,139350,23257.9930265341,32106.5630513821,1.30663450405,103.790709404436
99,CC23,one-north,纬壹,Circle Line,环线,Orange,2011-10-08,MRT,ONE-NORTH MRT STATION (CC23),9,AYER RAJAH AVENUE,ONE-NORTH MRT STATION (CC23),9 AYER RAJAH AVENUE ONE-NORTH MRT STATION (CC23) SINGAPORE 138647,138647,22896.0728127016,31346.4080956969,1.29975987493555,103.78745750525
100,CC24,Kent Ridge,肯特岗,Circle Line,环线,Orange,2011-10-08,MRT,KENT RIDGE MRT STATION (CC24),301,SOUTH BUONA VISTA ROAD,KENT RIDGE MRT STATION (CC24),301 SOUTH BUONA VISTA ROAD KENT RIDGE MRT STATION (CC24) SINGAPORE 118177,118177,22575.0107144611,30657.9332947638,1.29353349887123,103.784572738173
101,CC25,Haw Par Villa,虎豹别墅,Circle Line,环线,Orange,2011-10-08,MRT,HAW PAR VILLA MRT STATION (CC25),270,PASIR PANJANG ROAD,HAW PAR VILLA MRT STATION (CC25),270 PASIR PANJANG ROAD HAW PAR VILLA MRT STATION (CC25) SINGAPORE 117396,117396,22261.1431040755,29445.802035436,1.28257135772488,103.781752725064
102,CC26,Pasir Panjang,巴西班让,Circle Line,环线,Orange,2011-10-08,MRT,PASIR PANJANG MRT STATION (CC26),119,PASIR PANJANG ROAD,PASIR PANJANG MRT STATION (CC26),119 PASIR PANJANG ROAD PASIR PANJANG MRT STATION (CC26) SINGAPORE 117424,117424,23329.2647148455,28742.7657615561,1.27621352233766,103.791350313288
103,CC27,Labrador Park,拉柏多公园,Circle Line,环线,Orange,2011-10-08,MRT,LABRADOR PARK MRT STATION (CC27),701,TELOK BLANGAH ROAD,LABRADOR PARK MRT STATION (CC27),701 TELOK BLANGAH ROAD LABRADOR PARK MRT STATION (CC27) SINGAPORE 109029,109029,24584.7750495933,28304.9440988898,1.27225417749656,103.802631578766
104,CC28,Telok Blangah,直落布兰雅,Circle Line,环线,Orange,2011-10-08,MRT,TELOK BLANGAH MRT STATION (CC28),463,TELOK BLANGAH ROAD,TELOK BLANGAH MRT STATION (CC28),463 TELOK BLANGAH ROAD TELOK BLANGAH MRT STATION (CC28) SINGAPORE 109028,109028,25378.2908018399,28133.7990515903,1.27070647717762,103.809761611219
105,CC29,HarbourFront,港湾,Circle Line,环线,Orange,2011-10-08,MRT,HARBOURFRONT MRT STATION (NE1 / CC29),81,TELOK BLANGAH ROAD,HARBOURFRONT MRT STATION (NE1 / CC29),81 TELOK BLANGAH ROAD HARBOURFRONT MRT STATION (NE1 / CC29) SINGAPORE 098867,098867,26688.0367021402,27545.8534260485,1.26538938374901,103.821530157095
106,CE1,Bayfront,海湾舫,Circle Line Extension,环线延长线,Orange,2012-01-14,MRT,BAYFRONT MRT STATION (DT16 / CE1),11,BAYFRONT AVENUE,BAYFRONT MRT STATION (DT16 / CE1),11 BAYFRONT AVENUE BAYFRONT MRT STATION (DT16 / CE1) SINGAPORE 018957,018957,30867.0092712184,29368.6250332333,1.28187378879209,103.859079764874
107,CE2,Marina Bay,滨海湾,Circle Line Extension,环线延长线,Orange,2012-01-14,MRT,MARINA BAY MRT STATION (CE2),23,PARK STREET,MARINA BAY MRT STATION (CE2),23 PARK STREET MARINA BAY MRT STATION (CE2) SINGAPORE 018926,018926,30462.7349769669,28746.9336326458,1.27625146423743,103.855447156279
108,DT1,Bukit Panjang,武吉班让,Downtown Line,滨海市区线,Blue,2015-12-27,MRT,BUKIT PANJANG MRT STATION (DT1),950,UPPER BUKIT TIMAH ROAD,BUKIT PANJANG MRT STATION (DT1),950 UPPER BUKIT TIMAH ROAD BUKIT PANJANG MRT STATION (DT1) SINGAPORE 678213,678213,20011.3981217332,40108.6837660205,1.37900211641036,103.761535114929
109,DT2,Cashew,凯秀,Downtown Line,滨海市区线,Blue,2015-12-27,MRT,CASHEW MRT STATION (DT2),1,CASHEW ROAD,CASHEW MRT STATION (DT2),1 CASHEW ROAD CASHEW MRT STATION (DT2) SINGAPORE 679696,679696,20334.5589111606,39092.8585418891,1.36981544925552,103.76443921414
110,DT3,Hillview,山景,Downtown Line,滨海市区线,Blue,2015-12-27,MRT,HILLVIEW MRT STATION (DT3),510,UPPER BUKIT TIMAH ROAD,HILLVIEW MRT STATION (DT3),510 UPPER BUKIT TIMAH ROAD HILLVIEW MRT STATION (DT3) SINGAPORE 678211,678211,20666.0675499607,38266.7898455672,1.36234486803558,103.767418254007
111,DT5,Beauty World,美世界,Downtown Line,滨海市区线,Blue,2015-12-27,MRT,BEAUTY WORLD MRT STATION (DT5),101,UPPER BUKIT TIMAH ROAD,BEAUTY WORLD MRT STATION (DT5),101 UPPER BUKIT TIMAH ROAD BEAUTY WORLD MRT STATION (DT5) SINGAPORE 588216,588216,21598.1664763764,35931.2358860858,1.34122317558549,103.775794285083
112,DT6,King Albert Park,阿尔柏王园,Downtown Line,滨海市区线,Blue,2015-12-27,MRT,KING ALBERT PARK MRT STATION (DT6),2,BLACKMORE DRIVE,KING ALBERT PARK MRT STATION (DT6),2 BLACKMORE DRIVE KING ALBERT PARK MRT STATION (DT6) SINGAPORE 599987,599987,22444.4895690959,35316.2479055841,1.33566161262214,103.783399113441
113,DT7,Sixth Avenue,第六道,Downtown Line,滨海市区线,Blue,2015-12-27,MRT,SIXTH AVENUE MRT STATION (DT7),777,BUKIT TIMAH ROAD,SIXTH AVENUE MRT STATION (DT7),777 BUKIT TIMAH ROAD SIXTH AVENUE MRT STATION (DT7) SINGAPORE 269784,269784,23947.7493738988,34785.0233010761,1.33085764536226,103.796906838288
114,DT8,Tan Kah Kee,陈嘉庚,Downtown Line,滨海市区线,Blue,2015-12-27,MRT,TAN KAH KEE MRT STATION (DT8),651,BUKIT TIMAH ROAD,TAN KAH KEE MRT STATION (DT8),651 BUKIT TIMAH ROAD TAN KAH KEE MRT STATION (DT8) SINGAPORE 266268,266268,25155.6221095249,34198.8053115103,1.32555623519898,103.807760304729
115,DT9,Botanic Gardens,植物园,Downtown Line,滨海市区线,Blue,2015-12-27,MRT,BOTANIC GARDENS MRT STATION (DT9),491,BUKIT TIMAH ROAD,BOTANIC GARDENS MRT STATION (DT9),491 BUKIT TIMAH ROAD BOTANIC GARDENS MRT STATION (DT9) SINGAPORE 259777,259777,26074.1720875856,33859.5354773961,1.32248807089544,103.816013994259
116,DT10,Stevens,史蒂芬,Downtown Line,滨海市区线,Blue,2015-12-27,MRT,STEVENS MRT STATION (DT10),92,STEVENS ROAD,STEVENS MRT STATION (DT10),92 STEVENS ROAD STEVENS MRT STATION (DT10) SINGAPORE 257877,257877,27188.2299643802,33591.6608552355,1.32006555750626,103.826024401924
117,DT11,Newton,纽顿,Downtown Line,滨海市区线,Blue,2015-12-27,MRT,NEWTON MRT STATION (DT11),235,BUKIT TIMAH ROAD,NEWTON MRT STATION (DT11),235 BUKIT TIMAH ROAD NEWTON MRT STATION (DT11) SINGAPORE 229901,229901,28489.236438402,32920.1726889089,1.31399286264569,103.837714613091
118,DT12,Little India,小印度,Downtown Line,滨海市区线,Blue,2015-12-27,MRT,LITTLE INDIA MRT STATION (DT12),62,BUKIT TIMAH ROAD,LITTLE INDIA MRT STATION (DT12),62 BUKIT TIMAH ROAD LITTLE INDIA MRT STATION (DT12) SINGAPORE 229902,229902,29707.4618838392,32148.9626245815,1.30701826765224,103.848660935092
119,DT13,Rochor,梧槽,Downtown Line,滨海市区线,Blue,2015-12-27,MRT,ROCHOR MRT STATION (DT13),11,ROCHOR CANAL ROAD,ROCHOR MRT STATION (DT13),11 ROCHOR CANAL ROAD ROCHOR MRT STATION (DT13) SINGAPORE 188505,188505,30164.7018503863,31798.8766778279,1.30385218527656,103.852769428884
120,DT14,Bugis,武吉士,Downtown Line,滨海市区线,Blue,2013-12-22,MRT,BUGIS MRT STATION (DT14),191,ROCHOR ROAD,BUGIS MRT STATION (DT14),191 ROCHOR ROAD BUGIS MRT STATION (DT14) SINGAPORE 188476,188476,30649.548609254,31297.0167393312,1.29931350344582,103.857125959023
121,DT15,Promenade,宝门廊,Downtown Line,滨海市区线,Blue,2013-12-22,MRT,PROMENADE MRT STATION (DT15),10,TEMASEK AVENUE,PROMENADE MRT STATION (DT15),10 TEMASEK AVENUE PROMENADE MRT STATION (DT15) SINGAPORE 039194,039194,31068.6608139481,30586.9369543009,1.29289175383295,103.860891800025
122,DT16,Bayfront,海湾舫,Downtown Line,滨海市区线,Blue,2013-12-22,MRT,BAYFRONT MRT STATION (DT16 / CE1),11,BAYFRONT AVENUE,BAYFRONT MRT STATION (DT16 / CE1),11 BAYFRONT AVENUE BAYFRONT MRT STATION (DT16 / CE1) SINGAPORE 018957,018957,30867.0092712184,29368.6250332333,1.28187378879209,103.859079764874
123,DT17,Downtown,市中心,Downtown Line,滨海市区线 ,Blue,2013-12-22,MRT,DOWNTOWN MRT STATION (DT17),15,CENTRAL BOULEVARD,DOWNTOWN MRT STATION (DT17),15 CENTRAL BOULEVARD DOWNTOWN MRT STATION (DT17) SINGAPORE 018969,018969,30172.6688074525,29100.2087655049,1.27944638178916,103.852840829581
124,DT18,Telok Ayer,直落亚逸,Downtown Line,滨海市区线,Blue,2013-12-22,MRT,TELOK AYER MRT STATION (DT18),7,CROSS STREET,TELOK AYER MRT STATION (DT18),7 CROSS STREET TELOK AYER MRT STATION (DT18) SINGAPORE 048416,048416,29706.1259155739,29390.1953907572,1.28206894769394,103.848648781083
125,DT19,Chinatown,牛车水,Downtown Line,滨海市区线,Blue,2013-12-22,MRT,CHINATOWN MRT STATION (DT19),91,UPPER CROSS STREET,CHINATOWN MRT STATION (DT19),91 UPPER CROSS STREET CHINATOWN MRT STATION (DT19) SINGAPORE 058362,058362,29316.0490006926,29628.4789423887,1.28422391919085,103.845143798953
126,DT20,Fort Canning,福康宁,Downtown Line,滨海市区线,Blue,2017-10-21,MRT,FORT CANNING MRT STATION (DT20),170,RIVER VALLEY ROAD,FORT CANNING MRT STATION (DT20),170 RIVER VALLEY ROAD FORT CANNING MRT STATION (DT20) SINGAPORE 179038,179038,29225.6276065866,30541.6087720692,1.29248194822996,103.844331362465
127,DT21,Bencoolen,明古连,Downtown Line,滨海市区线,Blue,2017-10-21,MRT,BENCOOLEN MRT STATION (DT21),31,BENCOOLEN STREET,BENCOOLEN MRT STATION (DT21),31 BENCOOLEN STREET BENCOOLEN MRT STATION (DT21) SINGAPORE 189658,189658,29895.8639496444,31253.3258734122,1.29891843369422,103.850353762717
128,DT22,Jalan Besar,惹兰勿刹,Downtown Line,滨海市区线,Blue,2017-10-21,MRT,JALAN BESAR MRT STATION (DT22),90,JALAN BESAR,JALAN BESAR MRT STATION (DT22),90 JALAN BESAR JALAN BESAR MRT STATION (DT22) SINGAPORE 208826,208826,30445.8529787809,31944.7496234626,1.3051713878069,103.855295713435
129,DT23,Bendemeer,明地迷亚,Downtown Line,滨海市区线,Blue,2017-10-21,MRT,BENDEMEER MRT STATION (DT23),11,KALLANG BAHRU,BENDEMEER MRT STATION (DT23),11 KALLANG BAHRU BENDEMEER MRT STATION (DT23) SINGAPORE 339356,339356,31300.7676084097,32884.7709222045,1.31367252847691,103.862977620945
130,DT24,Geylang Bahru,芽笼峇鲁,Downtown Line,滨海市区线,Blue,2017-10-21,MRT,GEYLANG BAHRU MRT STATION (DT24),541,KALLANG BAHRU,GEYLANG BAHRU MRT STATION (DT24),541 KALLANG BAHRU GEYLANG BAHRU MRT STATION (DT24) SINGAPORE 339355,339355,32262.8612591857,33728.3126899004,1.32130110228321,103.871622627142
131,DT25,Mattar,玛达,Downtown Line,滨海市区线,Blue,2017-10-21,MRT,MATTAR MRT STATION (DT25),60,MERPATI ROAD,MATTAR MRT STATION (DT25),60 MERPATI ROAD MATTAR MRT STATION (DT25) SINGAPORE 379314,379314,33556.5834402461,34344.8585332558,1.32687671501334,103.883247509542
132,DT26,MacPherson,麦波申,Downtown Line,滨海市区线,Blue,2017-10-21,MRT,MACPHERSON MRT STATION (DT26),10,CIRCUIT LINK,MACPHERSON MRT STATION (DT26),10 CIRCUIT LINK MACPHERSON MRT STATION (DT26) SINGAPORE 378956,378956,34230.0104828067,34264.5435281098,1.32615024457361,103.889298600376
133,DT27,Ubi,乌美,Downtown Line,滨海市区线,Blue,2017-10-21,MRT,UBI MRT STATION (DT27),51,UBI AVENUE 2,UBI MRT STATION (DT27),51 UBI AVENUE 2 UBI MRT STATION (DT27) SINGAPORE 408899,408899,35334.8918333696,34687.4109907392,1.32997425973974,103.899226655439
134,DT28,Kaki Bukit,加基武吉,Downtown Line,滨海市区线,Blue,2017-10-21,MRT,KAKI BUKIT MRT STATION (DT28),30,KAKI BUKIT AVENUE 1,KAKI BUKIT MRT STATION (DT28),30 KAKI BUKIT AVENUE 1 KAKI BUKIT MRT STATION (DT28) SINGAPORE 415804,415804,36362.3782825153,35239.5522551257,1.33496735995428,103.908459338046
135,DT29,Bedok North,勿洛北,Downtown Line,滨海市区线,Blue,2017-10-21,MRT,BEDOK NORTH MRT STATION (DT29),651,BEDOK NORTH ROAD,BEDOK NORTH MRT STATION (DT29),651 BEDOK NORTH ROAD BEDOK NORTH MRT STATION (DT29) SINGAPORE 479481,479481,37421.7438196167,35214.6803870108,1.33474211664091,103.91797832995
136,DT30,Bedok Reservoir,勿洛蓄水池,Downtown Line,滨海市区线,Blue,2017-10-21,MRT,BEDOK RESERVOIR MRT STATION (DT30),371,BEDOK NORTH AVENUE 3,BEDOK RESERVOIR MRT STATION (DT30),371 BEDOK NORTH AVENUE 3 BEDOK RESERVOIR MRT STATION (DT30) SINGAPORE 469724,469724,39008.3131622663,35421.0408713054,1.33660782955099,103.932234623286
137,DT31,Tampines West,淡滨尼西,Downtown Line,滨海市区线,Blue,2017-10-21,MRT,TAMPINES WEST MRT STATION (DT31),2,TAMPINES AVENUE 4,TAMPINES WEST MRT STATION (DT31),2 TAMPINES AVENUE 4 TAMPINES WEST MRT STATION (DT31) SINGAPORE 529683,529683,39698.5275852969,36406.0143331178,1.34551530560119,103.938436971222
138,DT32,Tampines,淡滨尼,Downtown Line,滨海市区线,Blue,2017-10-21,MRT,TAMPINES MRT STATION (DT32),15,TAMPINES CENTRAL 1,TAMPINES MRT STATION (DT32),15 TAMPINES CENTRAL 1 TAMPINES MRT STATION (DT32) SINGAPORE 529544,529544,40207.3952279184,37471.4394600224,1.35515041120473,103.943009883131
139,DT33,Tampines East,淡滨尼东,Downtown Line,滨海市区线,Blue,2017-10-21,MRT,TAMPINES EAST MRT STATION (DT33),20,TAMPINES AVENUE 7,TAMPINES EAST MRT STATION (DT33),20 TAMPINES AVENUE 7 TAMPINES EAST MRT STATION (DT33) SINGAPORE 529623,529623,41501.0748521937,37586.6177644413,1.35619148271544,103.9546344625
140,DT34,Upper Changi,樟宜上段,Downtown Line,滨海市区线,Blue,2017-10-21,MRT,UPPER CHANGI MRT STATION (DT34),690,UPPER CHANGI ROAD EAST,UPPER CHANGI MRT STATION (DT34),690 UPPER CHANGI ROAD EAST UPPER CHANGI MRT STATION (DT34) SINGAPORE 485990,485990,42262.187971171,35988.6568845119,1.34173977444995,103.961472788634
141,DT35,Expo,博览,Downtown Line,滨海市区线,Blue,2017-10-21,MRT,EXPO MRT STATION (DT35),2,EXPO DRIVE,EXPO MRT STATION (DT35),2 EXPO DRIVE EXPO MRT STATION (DT35) SINGAPORE 485985,485985,42362.6034600167,35285.7083877847,1.33538252614956,103.962374747451
142,TE1,Woodlands North,兀兰北,Thomson-East Coast Line,汤申-东海岸线,Brown,2020-01-31,MRT,WOODLANDS NORTH MRT STATION (TE1),20,WOODLANDS NORTH COAST ROAD,WOODLANDS NORTH MRT STATION (TE1),20 WOODLANDS NORTH COAST ROAD WOODLANDS NORTH MRT STATION (TE1) SINGAPORE 737668,737668,22699.9912448721,47770.3945726696,1.44829245259621,103.785692682441
143,TE2,Woodlands,兀兰,Thomson-East Coast Line,汤申-东海岸线,Brown,2020-01-31,MRT,WOODLANDS MRT STATION (TE2),11,WOODLANDS SQUARE,WOODLANDS MRT STATION (TE2),11 WOODLANDS SQUARE WOODLANDS MRT STATION (TE2) SINGAPORE 737736,737736,22949.9191319831,46417.5223346148,1.43605761708128,103.787938777173
144,TE3,Woodlands South,兀兰南,Thomson-East Coast Line,汤申-东海岸线,Brown,2020-01-31,MRT,WOODLANDS SOUTH MRT STATION (TE3),30,WOODLANDS DRIVE 17,WOODLANDS SOUTH MRT STATION (TE3),30 WOODLANDS DRIVE 17 WOODLANDS SOUTH MRT STATION (TE3) SINGAPORE 737741,737741,23542.5545697259,45459.758821588,1.42739605281442,103.79326432221
145,TE4,Springleaf,春叶,Thomson-East Coast Line,汤申-东海岸线,Brown,2021-08-28,MRT,SPRINGLEAF MRT STATION (TE4),825,UPPER THOMSON ROAD,SPRINGLEAF MRT STATION (TE4),825 UPPER THOMSON ROAD SPRINGLEAF MRT STATION (TE4) SINGAPORE 787140,787140,26279.3279363979,42162.9344399534,1.39758106126824,103.817856949947
146,TE5,Lentor,伦多,Thomson-East Coast Line,汤申-东海岸线,Brown,2021-08-28,MRT,LENTOR MRT STATION (TE5),1,LENTOR DRIVE,LENTOR MRT STATION (TE5),1 LENTOR DRIVE LENTOR MRT STATION (TE5) SINGAPORE 789361,789361,28269.897072956,40827.7939434573,1.38550657972169,103.835743809669
147,TE6,Mayflower,美华,Thomson-East Coast Line,汤申-东海岸线,Brown,2021-08-28,MRT,MAYFLOWER MRT STATION (TE6),91,ANG MO KIO AVENUE 4,MAYFLOWER MRT STATION (TE6),91 ANG MO KIO AVENUE 4 MAYFLOWER MRT STATION (TE6) SINGAPORE 569900,569900,28361.5950495424,39274.947190579,1.37146318831015,103.836567766945
148,TE7,Bright Hill,光明山,Thomson-East Coast Line,汤申-东海岸线,Brown,2021-08-28,MRT,BRIGHT HILL MRT STATION (TE7),100,SIN MING AVENUE,BRIGHT HILL MRT STATION (TE7),100 SIN MING AVENUE BRIGHT HILL MRT STATION (TE7) SINGAPORE 575737,575737,27952.7070973367,38370.443887597,1.36328318545185,103.832893619992
149,TE8,Upper Thomson,汤申路上段,Thomson-East Coast Line,汤申-东海岸线,Brown,2021-08-28,MRT,UPPER THOMSON MRT STATION (TE8),1,JALAN KELI,UPPER THOMSON MRT STATION (TE8),1 JALAN KELI UPPER THOMSON MRT STATION (TE8) SINGAPORE 577937,577937,27953.2465030747,37390.003691975,1.35441643365401,103.832898468504
150,TE9,Caldecott,加利谷,Thomson-East Coast Line,汤申-东海岸线,Brown,2021-08-28,MRT,CALDECOTT MRT STATION (TE9),1,TOA PAYOH LINK,CALDECOTT MRT STATION (TE9),1 TOA PAYOH LINK CALDECOTT MRT STATION (TE9) SINGAPORE 297608,297608,28761.5758000361,35491.3431366347,1.33724561271722,103.840161782075
151,TE11,Stevens,史蒂芬,Thomson-East Coast Line,汤申-东海岸线,Brown,2022-11-13,MRT,STEVENS MRT STATION (TE11),82,STEVENS ROAD,STEVENS MRT STATION (TE11),82 STEVENS ROAD STEVENS MRT STATION (TE11) SINGAPORE 257879,257879,27137.3215161348,33510.8105305303,1.31933437435349,103.825566965234
152,TE12,Napier,纳比雅,Thomson-East Coast Line,汤申-东海岸线,Brown,2022-11-13,MRT,NAPIER MRT STATION (TE12),2,NAPIER ROAD,NAPIER MRT STATION (TE12),2 NAPIER ROAD NAPIER MRT STATION (TE12) SINGAPORE 258511,258511,26401.666707457,32122.8625724912,1.30678223364785,103.818956796815
153,TE13,Orchard Boulevard,乌节大道,Thomson-East Coast Line,汤申-东海岸线,Brown,2022-11-13,MRT,ORCHARD BOULEVARD MRT STATION (TE13),20,ORCHARD BOULEVARD,ORCHARD BOULEVARD MRT STATION (TE13),20 ORCHARD BOULEVARD ORCHARD BOULEVARD MRT STATION (TE13) SINGAPORE 248654,248654,26948.2945375377,31640.7552477568,1.30242224836722,103.823868523249
154,TE14,Orchard,乌节,Thomson-East Coast Line,汤申-东海岸线,Brown,2022-11-13,MRT,ORCHARD MRT STATION (TE14),301,ORCHARD BOULEVARD,ORCHARD MRT STATION (TE14),301 ORCHARD BOULEVARD ORCHARD MRT STATION (TE14) SINGAPORE 237974,237974,27783.6973352153,31709.5324909948,1.30304426265194,103.831375000068
155,TE15,Great World,大世界,Thomson-East Coast Line,汤申-东海岸线,Brown,2022-11-13,MRT,GREAT WORLD MRT STATION (TE15),351,RIVER VALLEY ROAD,GREAT WORLD MRT STATION (TE15),351 RIVER VALLEY ROAD GREAT WORLD MRT STATION (TE15) SINGAPORE 238384,238384,28044.7678659763,30703.7324468214,1.29394816169384,103.833720837731
156,TE16,Havelock,合乐,Thomson-East Coast Line,汤申-东海岸线,Brown,2022-11-13,MRT,HAVELOCK MRT STATION (TE16),110,ZION ROAD,HAVELOCK MRT STATION (TE16),110 ZION ROAD HAVELOCK MRT STATION (TE16) SINGAPORE 168604,168604,28029.7436560951,30101.8822241165,1.28850523975311,103.833585838226
157,TE17,Outram Park,欧南园,Thomson-East Coast Line,汤申-东海岸线,Brown,2022-11-13,MRT,OUTRAM PARK MRT STATION (TE17),13,OUTRAM ROAD,OUTRAM PARK MRT STATION (TE17),13 OUTRAM ROAD OUTRAM PARK MRT STATION (TE17) SINGAPORE 169080,169080,28647.6048249509,29308.4426563848,1.28132964411173,103.839137557749
158,TE18,Maxwell,麦士威,Thomson-East Coast Line,汤申-东海岸线,Brown,2022-11-13,MRT,MAXWELL MRT STATION (TE18),321,SOUTH BRIDGE ROAD,MAXWELL MRT STATION (TE18),321 SOUTH BRIDGE ROAD MAXWELL MRT STATION (TE18) SINGAPORE 058841,058841,29175.8088360233,29220.3885515537,1.28053329842878,103.843883670633
159,TE19,Shenton Way,珊顿道,Thomson-East Coast Line,汤申-东海岸线,Brown,2022-11-13,MRT,SHENTON WAY MRT STATION (TE19),2,PARK STREET,SHENTON WAY MRT STATION (TE19),2 PARK STREET SHENTON WAY MRT STATION (TE19) SINGAPORE 018928,018928,29897.4191489154,28908.9617211055,1.2777168283425,103.850367596067
160,TE20,Marina Bay,滨海湾,Thomson-East Coast Line,汤申-东海岸线,Brown,2022-11-13,MRT,MARINA BAY MRT STATION (TE20),25,PARK STREET,MARINA BAY MRT STATION (TE20),25 PARK STREET MARINA BAY MRT STATION (TE20) SINGAPORE 018929,018929,30447.3793931995,28579.995138919,1.27474173226842,103.855309167928
161,TE22,Gardens by the Bay,滨海湾花园,Thomson-East Coast Line,汤申-东海岸线,Brown,2022-11-13,MRT,GARDENS BY THE BAY MRT STATION (TE22),11,MARINA MALL,GARDENS BY THE BAY MRT STATION (TE22),11 MARINA MALL GARDENS BY THE BAY MRT STATION (TE22) SINGAPORE 019396,019396,31799.0721787345,28994.1708776113,1.27848725876303,103.867454664421
162,BP1,Choa Chu Kang,蔡厝港,Bukit Panjang LRT,榜鹅轻轨线,Grey,1999-11-06,LRT,CHOA CHU KANG LRT STATION (BP1),15,CHOA CHU KANG AVENUE 4,CHOA CHU KANG LRT STATION (BP1),15 CHOA CHU KANG AVENUE 4 CHOA CHU KANG LRT STATION (BP1) SINGAPORE 689813,689813,18119.8205469949,40744.9184182286,1.38475541089131,103.74453769781
163,BP2,South View,南景,Bukit Panjang LRT,武吉班让轻轨线,Grey,1999-11-06,LRT,SOUTH VIEW LRT STATION (BP2),50,CHOA CHU KANG WAY,SOUTH VIEW LRT STATION (BP2),50 CHOA CHU KANG WAY SOUTH VIEW LRT STATION (BP2) SINGAPORE 688265,688265,18203.72427563,40252.0686228592,1.38029828742399,103.745291799824
164,BP3,Keat Hong,吉丰,Bukit Panjang LRT,武吉班让轻轨线,Grey,1999-11-06,LRT,KEAT HONG LRT STATION (BP3),30,CHOA CHU KANG WAY,KEAT HONG LRT STATION (BP3),30 CHOA CHU KANG WAY KEAT HONG LRT STATION (BP3) SINGAPORE 688266,688266,18622.5893422375,40064.6246900782,1.3786032506373,103.749055668925
165,BP4,Teck Whye,德惠,Bukit Panjang LRT,武吉班让轻轨线,Grey,1999-11-06,LRT,TECK WHYE LRT STATION (BP4),10,CHOA CHU KANG WAY,TECK WHYE LRT STATION (BP4),10 CHOA CHU KANG WAY TECK WHYE LRT STATION (BP4) SINGAPORE 688267,688267,19140.8000152688,39852.4607739244,1.37668467920808,103.753712232337
166,BP5,Phoenix,凤凰,Bukit Panjang LRT,武吉班让轻轨线,Grey,1999-11-06,LRT,PHOENIX LRT STATION (BP5),40,CHOA CHU KANG ROAD,PHOENIX LRT STATION (BP5),40 CHOA CHU KANG ROAD PHOENIX LRT STATION (BP5) SINGAPORE 689483,689483,19617.4881601976,40065.9404090624,1.37861545104083,103.757995558346
167,BP6,Bukit Panjang,武吉班让,Bukit Panjang LRT,武吉班让轻轨线,Grey,1999-11-06,LRT,BUKIT PANJANG LRT STATION (BP6),11,PETIR ROAD,BUKIT PANJANG LRT STATION (BP6),11 PETIR ROAD BUKIT PANJANG LRT STATION (BP6) SINGAPORE 678268,678268,20185.8730407264,39989.791610267,1.37792694616982,103.763102931112
168,BP7,Petir,柏提,Bukit Panjang LRT,武吉班让轻轨线,Grey,1999-11-06,LRT,PETIR LRT STATION (BP7),31,PETIR ROAD,PETIR LRT STATION (BP7),31 PETIR ROAD PETIR LRT STATION (BP7) SINGAPORE 678269,678269,20580.1479736092,39972.6518196631,1.37777204259082,103.766645782497
169,BP8,Pending,秉定,Bukit Panjang LRT,武吉班让轻轨线,Grey,1999-11-06,LRT,PENDING LRT STATION (BP8),9,PENDING ROAD,PENDING LRT STATION (BP8),9 PENDING ROAD PENDING LRT STATION (BP8) SINGAPORE 678296,678296,21093.7792520449,39791.7041831557,1.37613574334988,103.771261175571
170,BP9,Bangkit,万吉,Bukit Panjang LRT,武吉班让轻轨线,Grey,1999-11-06,LRT,BANGKIT LRT STATION (BP9),20,BUKIT PANJANG RING ROAD,BANGKIT LRT STATION (BP9),20 BUKIT PANJANG RING ROAD BANGKIT LRT STATION (BP9) SINGAPORE 679939,679939,21248.0565876467,40221.4484106153,1.38002223010088,103.772647370452
171,BP10,Fajar,法嘉,Bukit Panjang LRT,武吉班让轻轨线,Grey,1999-11-06,LRT,FAJAR LRT STATION (BP10),40,FAJAR ROAD,FAJAR LRT STATION (BP10),40 FAJAR ROAD FAJAR LRT STATION (BP10) SINGAPORE 679004,679004,21052.1874405267,40724.6743432153,1.38457317668026,103.770887223018
172,BP11,Segar,实加,Bukit Panjang LRT,武吉班让轻轨线,Grey,1999-11-06,LRT,SEGAR LRT STATION (BP11),50,BUKIT PANJANG RING ROAD,SEGAR LRT STATION (BP11),50 BUKIT PANJANG RING ROAD SEGAR LRT STATION (BP11) SINGAPORE 679940,679940,20908.9104285147,41079.8350806553,1.38778508663361,103.769599685249
173,BP12,Jelapang,泽拉邦,Bukit Panjang LRT,武吉班让轻轨线,Grey,1999-11-06,LRT,JELAPANG LRT STATION (BP12),70,BUKIT PANJANG RING ROAD,JELAPANG LRT STATION (BP12),70 BUKIT PANJANG RING ROAD JELAPANG LRT STATION (BP12) SINGAPORE 679941,679941,20345.1711083958,40964.2096878495,1.38673926997961,103.76453408646
174,BP13,Senja,信佳,Bukit Panjang LRT,武吉班让轻轨线,Grey,1999-11-06,LRT,SENJA LRT STATION (BP13),90,BUKIT PANJANG RING ROAD,SENJA LRT STATION (BP13),90 BUKIT PANJANG RING ROAD SENJA LRT STATION (BP13) SINGAPORE 679942,679942,20101.4576015575,40520.3910598382,1.38272547134453,103.76234425472
175,STC,Sengkang,盛港,Sengkang LRT,武吉班让轻轨线,Grey,2003-01-18,LRT,SENGKANG LRT STATION (STC),5,SENGKANG SQUARE,SENGKANG LRT STATION (STC),5 SENGKANG SQUARE SENGKANG LRT STATION (STC) SINGAPORE 545062,545062,34913.5878634388,41502.6996980961,1.39160936379906,103.895442583336
176,SE1,Compassvale,康埔桦,Sengkang LRT,盛港轻轨线,Grey,2003-01-18,LRT,COMPASSVALE LRT STATION (SE1),10,COMPASSVALE STREET,COMPASSVALE LRT STATION (SE1),10 COMPASSVALE STREET COMPASSVALE LRT STATION (SE1) SINGAPORE 545055,545055,35475.5631351992,41821.5781126507,1.39449304450373,103.900492450944
177,SE2,Rumbia,棕美,Sengkang LRT,盛港轻轨线,Grey,2003-01-18,LRT,RUMBIA LRT STATION (SE2),70,RIVERVALE DRIVE,RUMBIA LRT STATION (SE2),70 RIVERVALE DRIVE RUMBIA LRT STATION (SE2) SINGAPORE 545054,545054,36085.5523884585,41487.1566344369,1.39146849534132,103.90597359341
178,SE3,Bakau,码高,Sengkang LRT,盛港轻轨线,Grey,2003-01-18,LRT,BAKAU LRT STATION (SE3),50,RIVERVALE DRIVE,BAKAU LRT STATION (SE3),50 RIVERVALE DRIVE BAKAU LRT STATION (SE3) SINGAPORE 545053,545053,36023.4333449397,41102.9966866206,1.38799431054768,103.905415300171
179,SE4,Kangkar,港脚,Sengkang LRT,盛港轻轨线,Grey,2003-01-18,LRT,KANGKAR LRT STATION (SE4),20,RIVERVALE DRIVE,KANGKAR LRT STATION (SE4),20 RIVERVALE DRIVE KANGKAR LRT STATION (SE4) SINGAPORE 545052,545052,35668.448192073,40656.7945456952,1.38395911688913,103.90222537044
180,SE5,Ranggung,兰岗,Sengkang LRT,盛港轻轨线,Grey,2003-01-18,LRT,RANGGUNG LRT STATION (SE5),30,SENGKANG EAST AVENUE,RANGGUNG LRT STATION (SE5),30 SENGKANG EAST AVENUE RANGGUNG LRT STATION (SE5) SINGAPORE 545046,545046,35108.5940098073,40687.1253354792,1.38423355918277,103.897194667804
181,SW1,Cheng Lim,振林,Sengkang LRT,盛港轻轨线,Grey,2013-01-01,LRT,CHENG LIM LRT STATION (SW1),5,ANCHORVALE STREET,CHENG LIM LRT STATION (SW1),5 ANCHORVALE STREET CHENG LIM LRT STATION (SW1) SINGAPORE 545047,545047,34730.4628995238,42018.8888330311,1.39627763344324,103.893797181731
182,SW2,Farmway,农道,Sengkang LRT,盛港轻轨线,Grey,2007-11-15,LRT,FARMWAY LRT STATION (SW2),35,ANCHORVALE STREET,FARMWAY LRT STATION (SW2),35 ANCHORVALE STREET FARMWAY LRT STATION (SW2) SINGAPORE 545048,545048,34230.5208312804,42117.5715403445,1.39717019591821,103.889304824196
183,SW3,Kupang,古邦,Sengkang LRT,盛港轻轨线,Grey,2015-06-27,LRT,KUPANG LRT STATION (SW3),60,FERNVALE STREET,KUPANG LRT STATION (SW3),60 FERNVALE STREET KUPANG LRT STATION (SW3) SINGAPORE 797697,797697,33334.8164311657,42232.8410119303,1.39821283031379,103.881256222255
184,SW4,Thanggam,丹甘,Sengkang LRT,盛港轻轨线,Grey,2005-01-29,LRT,THANGGAM LRT STATION (SW4),40,FERNVALE ROAD,THANGGAM LRT STATION (SW4),40 FERNVALE ROAD THANGGAM LRT STATION (SW4) SINGAPORE 797699,797699,32709.2687078444,42133.9003911279,1.39731815581938,103.875635154729
185,SW5,Fernvale,芬微,Sengkang LRT,盛港轻轨线,Grey,2005-01-29,LRT,FERNVALE LRT STATION (SW5),10,FERNVALE ROAD,FERNVALE LRT STATION (SW5),10 FERNVALE ROAD FERNVALE LRT STATION (SW5) SINGAPORE 797698,797698,32784.2279748796,41533.229409067,1.39188589234766,103.87630862552
186,SW6,Layar,拉雅,Sengkang LRT,盛港轻轨线,Grey,2005-01-29,LRT,LAYAR LRT STATION (SW6),11,SENGKANG WEST AVENUE,LAYAR LRT STATION (SW6),11 SENGKANG WEST AVENUE LAYAR LRT STATION (SW6) SINGAPORE 797700,797700,33198.3233218081,41554.6826597638,1.39207983659997,103.880029600546
187,SW7,Tongkang,同港,Sengkang LRT,盛港轻轨线,Grey,2005-01-29,LRT,TONGKANG LRT STATION (SW7),80,SENGKANG EAST AVENUE,TONGKANG LRT STATION (SW7),80 SENGKANG EAST AVENUE TONGKANG LRT STATION (SW7) SINGAPORE 545050,545050,33845.4132231614,41252.6175956074,1.38934794658941,103.885844150116
188,SW8,Renjong,仁宗,Sengkang LRT,盛港轻轨线,Grey,2005-01-29,LRT,RENJONG LRT STATION (SW8),60,SENGKANG EAST AVENUE,RENJONG LRT STATION (SW8),60 SENGKANG EAST AVENUE RENJONG LRT STATION (SW8) SINGAPORE 545049,545049,34377.0569484383,40959.8985281233,1.38670058991904,103.89062131608
189,PTC,Punggol,榜鹅,Punggol LRT,盛港轻轨线,Grey,2005-01-29,LRT,PUNGGOL LRT STATION (PTC),70,PUNGGOL CENTRAL,PUNGGOL LRT STATION (PTC),70 PUNGGOL CENTRAL PUNGGOL LRT STATION (PTC) SINGAPORE 828868,828868,35689.1389922583,43004.9202214088,1.40519470149606,103.902411911915
190,PE1,Cove,海湾,Punggol LRT,榜鹅轻轨线,Grey,2005-01-29,LRT,COVE LRT STATION (PE1),50,PUNGGOL FIELD,COVE LRT STATION (PE1),50 PUNGGOL FIELD COVE LRT STATION (PE1) SINGAPORE 828858,828858,36084.2289814064,42351.133770803,1.39928198837342,103.905961941214
191,PE2,Meridian,丽园,Punggol LRT,榜鹅轻轨线,Grey,2005-01-29,LRT,MERIDIAN LRT STATION (PE2),60,PUNGGOL FIELD,MERIDIAN LRT STATION (PE2),60 PUNGGOL FIELD MERIDIAN LRT STATION (PE2) SINGAPORE 828857,828857,36416.793337211,42089.08824775,1.3969120498774,103.908950224489
192,PE3,Coral Edge,珊瑚,Punggol LRT,榜鹅轻轨线,Grey,2005-01-29,LRT,CORAL EDGE LRT STATION (PE3),70,PUNGGOL FIELD,CORAL EDGE LRT STATION (PE3),70 PUNGGOL FIELD CORAL EDGE LRT STATION (PE3) SINGAPORE 828856,828856,36820.844465619,41757.0644781347,1.39390922863313,103.912580845515
193,PE4,Riviera,里维拉,Punggol LRT,榜鹅轻轨线,Grey,2005-01-29,LRT,RIVIERA LRT STATION (PE4),40,PUNGGOL EAST,RIVIERA LRT STATION (PE4),40 PUNGGOL EAST RIVIERA LRT STATION (PE4) SINGAPORE 828852,828852,37220.1990320655,41824.5905639976,1.39451978540251,103.916169381157
194,PE5,Kadaloor,卡达鲁,Punggol LRT,榜鹅轻轨线,Grey,2005-01-29,LRT,KADALOOR LRT STATION (PE5),60,PUNGGOL DRIVE,KADALOOR LRT STATION (PE5),60 PUNGGOL DRIVE KADALOOR LRT STATION (PE5) SINGAPORE 828853,828853,37265.3166702027,42376.2865863442,1.39950910636258,103.916574974234
195,PE6,Oasis,绿洲,Punggol LRT,榜鹅轻轨线,Grey,2007-06-15,LRT,OASIS LRT STATION (PE6),50,PUNGGOL DRIVE,OASIS LRT STATION (PE6),50 PUNGGOL DRIVE OASIS LRT STATION (PE6) SINGAPORE 828854,828854,36837.1174417054,42683.4020451903,1.40228667971123,103.912727352412
196,PE7,Damai,达迈,Punggol LRT,榜鹅轻轨线,Grey,2011-06-20,LRT,DAMAI LRT STATION (PE7),40,PUNGGOL DRIVE,DAMAI LRT STATION (PE7),40 PUNGGOL DRIVE DAMAI LRT STATION (PE7) SINGAPORE 828855,828855,36378.1826799456,43009.3794218432,1.40523483636957,103.908603542566
197,PW1,Sam Kee,三记,Punggol LRT,榜鹅轻轨线,Grey,2016-02-29,LRT,SAM KEE LRT STATION (PW1),10,SENTUL CRESCENT,SAM KEE LRT STATION (PW1),10 SENTUL CRESCENT SAM KEE LRT STATION (PW1) SINGAPORE 828851,828851,35958.3967099339,43493.4470222741,1.40961268528804,103.904831550608
198,PW3,Punggol Point,榜鹅坊,Punggol LRT,榜鹅轻轨线,Grey,2016-12-29,LRT,PUNGGOL POINT LRT STATION (PW3),81,PUNGGOL WAY,PUNGGOL POINT LRT STATION (PW3),81 PUNGGOL WAY PUNGGOL POINT LRT STATION (PW3) SINGAPORE 828644,828644,36160.8274716362,44293.556079682,1.41684852031206,103.906650789313
199,PW4,Samudera,山姆,Punggol LRT,榜鹅轻轨线,Grey,2017-03-31,LRT,SAMUDERA LRT STATION (PW4),61,PUNGGOL WAY,SAMUDERA LRT STATION (PW4),61 PUNGGOL WAY SAMUDERA LRT STATION (PW4) SINGAPORE 828645,828645,35660.6597858425,44188.8484394047,1.41590172160383,103.902156317163
200,PW5,Nibong,尼蒙,Punggol LRT,榜鹅轻轨线,Grey,2014-06-29,LRT,NIBONG LRT STATION (PW5),41,PUNGGOL WAY,NIBONG LRT STATION (PW5),41 PUNGGOL WAY NIBONG LRT STATION (PW5) SINGAPORE 828862,828862,35458.481398589,43741.3183814995,1.41185447744238,103.900339452055
201,PW6,Sumang,苏芒,Punggol LRT,榜鹅轻轨线,Grey,2014-06-29,LRT,SUMANG LRT STATION (PW6),31,PUNGGOL WAY,SUMANG LRT STATION (PW6),31 PUNGGOL WAY SUMANG LRT STATION (PW6) SINGAPORE 828863,828863,35260.291393281,43365.130112553,1.40845241943079,103.898558450395
202,PW7,Soo Teck,树德,Punggol LRT,榜鹅轻轨线,Grey,2014-06-29,LRT,SOO TECK LRT STATION (PW7),21,PUNGGOL WAY,SOO TECK LRT STATION (PW7),21 PUNGGOL WAY SOO TECK LRT STATION (PW7) SINGAPORE 828864,828864,35119.198004419,43019.1258336715,1.40532331860455,103.897290522033
